{"is_source_file": true, "format": "JavaScript (React JSX)", "description": "This file defines a React functional component named TodoStats that displays task statistics and provides a button to clear completed tasks.", "external_files": ["react"], "external_methods": ["React"], "published": ["default export of the TodoStats component"], "classes": [], "methods": [{"name": "TodoStats({ stats, onClearCompleted })", "description": "React functional component displaying task statistics and a 'Clear completed' button.", "scope": "", "scopeKind": ""}], "calls": ["React", "onClearCompleted()"], "search-terms": ["TodoStats", "task statistics", "React functional component", "clear completed button"], "state": 2, "file_id": 19, "knowledge_revision": 42, "git_revision": "f0dd790aff19f87f2feca5b1e149d871ec3f109a", "ctags": [{"_type": "tag", "name": "TodoStats", "path": "/home/kavia/workspace/code-generation/frontend-capability-tester-307533-307542/frontend/src/components/TodoStats.js", "pattern": "/^export default function TodoStats({ stats, onClearCompleted }) {$/", "language": "JavaScript", "kind": "function", "signature": "({ stats, onClearCompleted })"}], "hash": "4409a90c458096338e866076fe717a92", "format-version": 4, "code-base-name": "frontend", "filename": "frontend/src/components/TodoStats.js", "revision_history": [{"42": "f0dd790aff19f87f2feca5b1e149d871ec3f109a"}]}