{"is_source_file": false, "format": null, "description": "", "external_files": [], "external_methods": [], "published": [], "classes": [], "methods": [], "calls": [], "search-terms": ["index.css", "CSS", "stylesheet", "root", "body", "code", "font-family"], "state": 2, "file_id": 7, "knowledge_revision": 36, "git_revision": "f0dd790aff19f87f2feca5b1e149d871ec3f109a", "hash": "f61b8efd0a0afb689f316c75f22dcc79", "format-version": 4, "code-base-name": "frontend", "filename": "frontend/src/index.css", "revision_history": [{"36": "f0dd790aff19f87f2feca5b1e149d871ec3f109a"}]}