{"is_source_file": true, "format": "JavaScript (React JSX)", "description": "This file defines a React functional component 'TodoItem' which represents a single to-do task with functionality for editing, toggling completion, and deletion, including inline editing features with focus management.", "external_files": ["react"], "external_methods": ["React.useEffect", "React.useId", "React.useRef", "React.useState"], "published": ["default export: TodoItem"], "classes": [], "methods": [{"name": "beginEdit()", "description": "Starts editing mode for the to-do item, initializing draft with current title.", "scope": "TodoItem", "scopeKind": "function"}, {"name": "cancelEdit()", "description": "Cancels editing mode, reverting draft to current title.", "scope": "TodoItem", "scopeKind": "function"}, {"name": "commitEdit()", "description": "Finalizes editing, disabling edit mode and calling onUpdateTitle with draft.", "scope": "TodoItem", "scopeKind": "function"}, {"name": "onEditKeyDown(e)", "description": "Handles key events in the input: 'Enter' commits edit, 'Escape' cancels.", "scope": "TodoItem", "scopeKind": "function"}, {"name": "TodoItem({ todo, onToggle, onDelete, onUpdateTitle })", "scope": "", "scopeKind": "", "description": "unavailable"}], "calls": ["useEffect", "useId", "useRef", "useState"], "search-terms": ["TodoItem", "inline editing", "useId hook", "useRef for input focus", "React functional component", "Todo list item"], "state": 2, "file_id": 17, "knowledge_revision": 40, "git_revision": "f0dd790aff19f87f2feca5b1e149d871ec3f109a", "ctags": [{"_type": "tag", "name": "TodoItem", "path": "/home/kavia/workspace/code-generation/frontend-capability-tester-307533-307542/frontend/src/components/TodoItem.js", "pattern": "/^export default function TodoItem({ todo, onToggle, onDelete, onUpdateTitle }) {$/", "language": "JavaScript", "kind": "function", "signature": "({ todo, onToggle, onDelete, onUpdateTitle })"}, {"_type": "tag", "name": "beginEdit", "path": "/home/kavia/workspace/code-generation/frontend-capability-tester-307533-307542/frontend/src/components/TodoItem.js", "pattern": "/^  function beginEdit() {$/", "language": "JavaScript", "kind": "function", "signature": "()", "scope": "TodoItem", "scopeKind": "function"}, {"_type": "tag", "name": "cancelEdit", "path": "/home/kavia/workspace/code-generation/frontend-capability-tester-307533-307542/frontend/src/components/TodoItem.js", "pattern": "/^  function cancelEdit() {$/", "language": "JavaScript", "kind": "function", "signature": "()", "scope": "TodoItem", "scopeKind": "function"}, {"_type": "tag", "name": "checkboxId", "path": "/home/kavia/workspace/code-generation/frontend-capability-tester-307533-307542/frontend/src/components/TodoItem.js", "pattern": "/^          id={checkboxId}$/", "language": "JavaScript", "kind": "field", "scope": "TodoItem.id", "scopeKind": "class"}, {"_type": "tag", "name": "commitEdit", "path": "/home/kavia/workspace/code-generation/frontend-capability-tester-307533-307542/frontend/src/components/TodoItem.js", "pattern": "/^  function commitEdit() {$/", "language": "JavaScript", "kind": "function", "signature": "()", "scope": "TodoItem", "scopeKind": "function"}, {"_type": "tag", "name": "completed ? \"isCompleted\" : \"\"}", "path": "/home/kavia/workspace/code-generation/frontend-capability-tester-307533-307542/frontend/src/components/TodoItem.js", "pattern": "/^    <li className={`todoItem ${todo.completed ? \"isCompleted\" : \"\"}`}>$/", "language": "JavaScript", "kind": "field", "scope": "TodoItem.AnonymousClass1cb261190101.todoItem ${todo", "scopeKind": "class"}, {"_type": "tag", "name": "onEditKeyDown", "path": "/home/kavia/workspace/code-generation/frontend-capability-tester-307533-307542/frontend/src/components/TodoItem.js", "pattern": "/^  function onEditKeyDown(e) {$/", "language": "JavaScript", "kind": "function", "signature": "(e)", "scope": "TodoItem", "scopeKind": "function"}, {"_type": "tag", "name": "onToggle", "path": "/home/kavia/workspace/code-generation/frontend-capability-tester-307533-307542/frontend/src/components/TodoItem.js", "pattern": "/^          onChange={onToggle}$/", "language": "JavaScript", "kind": "field", "scope": "TodoItem.onChange", "scopeKind": "class"}, {"_type": "tag", "name": "todo", "path": "/home/kavia/workspace/code-generation/frontend-capability-tester-307533-307542/frontend/src/components/TodoItem.js", "pattern": "/^          checked={todo.completed}$/", "language": "JavaScript", "kind": "field", "scope": "TodoItem.checked", "scopeKind": "class"}], "hash": "e093f94cbf2bdb0f95a373cc300d98c8", "format-version": 4, "code-base-name": "frontend", "filename": "frontend/src/components/TodoItem.js", "fields": [{"name": "id={checkboxId}", "scope": "TodoItem.id", "scopeKind": "class", "description": "unavailable"}, {"name": "<li className={`todoItem ${todo.completed ? \"isCompleted\" : \"\"}`}>", "scope": "TodoItem.AnonymousClass1cb261190101.todoItem ${todo", "scopeKind": "class", "description": "unavailable"}, {"name": "onChange={onToggle}", "scope": "TodoItem.onChange", "scopeKind": "class", "description": "unavailable"}, {"name": "checked={todo.completed}", "scope": "TodoItem.checked", "scopeKind": "class", "description": "unavailable"}], "revision_history": [{"40": "f0dd790aff19f87f2feca5b1e149d871ec3f109a"}]}