{"is_source_file": true, "format": "JavaScript (React JSX)", "description": "This file is the main application component for a React-based frontend, rendering the To-Do application component.", "external_files": ["./App.css", "./components/TodoApp"], "external_methods": [], "published": ["App"], "classes": [], "methods": [{"name": "App()", "description": "Root React component rendering the To-Do app.", "scope": "", "scopeKind": ""}], "calls": ["React", "TodoApp"], "search-terms": ["React", "TodoApp", "App.js", "frontend"], "state": 2, "file_id": 8, "knowledge_revision": 33, "git_revision": "f0dd790aff19f87f2feca5b1e149d871ec3f109a", "revision_history": [{"24": "a71bfd865fb0cfc711841e720a757016b136a742"}, {"33": "f0dd790aff19f87f2feca5b1e149d871ec3f109a"}], "ctags": [{"_type": "tag", "name": "App", "path": "/home/kavia/workspace/code-generation/frontend-capability-tester-307533-307542/frontend/src/App.js", "pattern": "/^function App() {$/", "language": "JavaScript", "kind": "function", "signature": "()"}], "hash": "caafe9839ba0a7d12cc749584b5052c1", "format-version": 4, "code-base-name": "frontend", "filename": "frontend/src/App.js"}