{"is_source_file": true, "format": "CSS", "description": "This file contains styling rules for a web application's user interface, including theme variables, layout styles, components for buttons, headers, list items, and responsiveness. It defines visual appearance and layout behavior for the frontend UI of a task management app.", "external_files": [], "external_methods": [], "published": [], "classes": [], "methods": [], "calls": [], "search-terms": ["Ocean Professional Theme", "CSS variables", "button styles", "todo layout", "responsive design", "todo list styles"], "state": 2, "file_id": 5, "knowledge_revision": 34, "git_revision": "f0dd790aff19f87f2feca5b1e149d871ec3f109a", "hash": "0698eae06b13238aa673bd0d33c2a5ab", "format-version": 4, "code-base-name": "frontend", "filename": "frontend/src/App.css", "revision_history": [{"34": "f0dd790aff19f87f2feca5b1e149d871ec3f109a"}]}