{"is_source_file": false, "format": "", "description": "", "external_files": [], "external_methods": [], "published": [], "classes": [], "methods": [], "calls": [], "search-terms": [], "state": 2, "file_id": 7, "knowledge_revision": 17, "git_revision": "a71bfd865fb0cfc711841e720a757016b136a742", "hash": "6c2104b8d219ed99234ae2d6329f4357", "format-version": 4, "code-base-name": "frontend", "filename": "frontend/src/index.css", "revision_history": [{"17": "a71bfd865fb0cfc711841e720a757016b136a742"}]}