{"is_source_file": true, "file_id": 13, "git_revision": "", "state": 1, "description": "", "external_files": [], "external_methods": [], "published": [], "classes": [], "methods": [], "calls": [], "search-terms": [], "ctags": [{"_type": "tag", "name": "resolveInitialValue", "path": "/home/kavia/workspace/code-generation/frontend-capability-tester-307533-307542/frontend/src/hooks/useLocalStorage.js", "pattern": "/^function resolveInitialValue(initialValue) {$/", "language": "JavaScript", "kind": "function", "signature": "(initialValue)"}, {"_type": "tag", "name": "safeJsonParse", "path": "/home/kavia/workspace/code-generation/frontend-capability-tester-307533-307542/frontend/src/hooks/useLocalStorage.js", "pattern": "/^function safeJsonParse(value, fallback) {$/", "language": "JavaScript", "kind": "function", "signature": "(value, fallback)"}, {"_type": "tag", "name": "useLocalStorage", "path": "/home/kavia/workspace/code-generation/frontend-capability-tester-307533-307542/frontend/src/hooks/useLocalStorage.js", "pattern": "/^export function useLocalStorage(key, initialValue) {$/", "language": "JavaScript", "kind": "function", "signature": "(key, initialValue)"}], "format": "JavaScript", "hash": "e665534f07628b009833a63841fafba3", "format-version": 4, "code-base-name": "frontend", "filename": "frontend/src/hooks/useLocalStorage.js", "knowledge_revision": 26}