{"is_source_file": false, "format": "", "description": "", "external_files": [], "external_methods": [], "published": [], "classes": [], "methods": [], "calls": [], "search-terms": [], "state": 2, "file_id": 12, "knowledge_revision": 19, "git_revision": "a71bfd865fb0cfc711841e720a757016b136a742", "hash": "d2b40d02d5f7873d8a6713bad837edd4", "format-version": 4, "code-base-name": "frontend", "filename": "frontend/public/index.html", "revision_history": [{"19": "a71bfd865fb0cfc711841e720a757016b136a742"}]}