{"is_source_file": true, "format": "JavaScript", "description": "This file defines a custom React hook `useLocalStorage` that synchronizes React state with localStorage, including utility functions for safe JSON parsing and initial value resolution.", "external_files": ["react"], "external_methods": ["useEffect", "useState"], "published": ["useLocalStorage"], "classes": [], "methods": [{"name": "safeJsonParse(value, fallback)", "description": "Safely parse JSON string; returns fallback on error.", "scope": "", "scopeKind": ""}, {"name": "resolveInitialValue(initialValue)", "description": "Create a stable initial value, supporting lazy initializer functions.", "scope": "", "scopeKind": ""}, {"name": "useLocalStorage(key, initialValue)", "description": "React hook to bind localStorage value to React component state.", "scope": "", "scopeKind": ""}], "calls": ["useEffect", "useState", "window.localStorage.getItem", "window.localStorage.setItem", "JSON.parse", "JSON.stringify"], "search-terms": ["useLocalStorage", "React hook", "localStorage", "JSON parsing", "lazy initializer"], "state": 2, "file_id": 13, "knowledge_revision": 35, "git_revision": "f0dd790aff19f87f2feca5b1e149d871ec3f109a", "ctags": [{"_type": "tag", "name": "resolveInitialValue", "path": "/home/kavia/workspace/code-generation/frontend-capability-tester-307533-307542/frontend/src/hooks/useLocalStorage.js", "pattern": "/^function resolveInitialValue(initialValue) {$/", "language": "JavaScript", "kind": "function", "signature": "(initialValue)"}, {"_type": "tag", "name": "safeJsonParse", "path": "/home/kavia/workspace/code-generation/frontend-capability-tester-307533-307542/frontend/src/hooks/useLocalStorage.js", "pattern": "/^function safeJsonParse(value, fallback) {$/", "language": "JavaScript", "kind": "function", "signature": "(value, fallback)"}, {"_type": "tag", "name": "useLocalStorage", "path": "/home/kavia/workspace/code-generation/frontend-capability-tester-307533-307542/frontend/src/hooks/useLocalStorage.js", "pattern": "/^export function useLocalStorage(key, initialValue) {$/", "language": "JavaScript", "kind": "function", "signature": "(key, initialValue)"}], "hash": "e665534f07628b009833a63841fafba3", "format-version": 4, "code-base-name": "frontend", "filename": "frontend/src/hooks/useLocalStorage.js", "revision_history": [{"35": "f0dd790aff19f87f2feca5b1e149d871ec3f109a"}]}