{"is_source_file": true, "format": "JavaScript", "description": "Test setup file for configuring Jest DOM matchers in a React testing environment.", "external_files": ["@testing-library/jest-dom"], "external_methods": [], "published": [], "classes": [], "methods": [], "calls": ["import '@testing-library/jest-dom'"], "search-terms": ["setupTests", "jest-dom", "React testing", "Jest matchers"], "state": 2, "file_id": 3, "knowledge_revision": 22, "git_revision": "a71bfd865fb0cfc711841e720a757016b136a742", "ctags": [], "hash": "1a77571e1a8cf36018a41bcedf60db75", "format-version": 4, "code-base-name": "frontend", "filename": "frontend/src/setupTests.js", "revision_history": [{"22": "a71bfd865fb0cfc711841e720a757016b136a742"}]}