{"is_source_file": true, "format": "JavaScript (React JSX)", "description": "This file defines a React functional component 'TodoFilters' that renders a set of filter buttons for a todo list application. It manages filter options ('All', 'Active', 'Completed') and communicates user selections via callbacks.", "external_files": ["react"], "external_methods": [], "published": ["default exports: TodoFilters"], "classes": [], "methods": [{"name": "TodoFilters({ value, onChange })", "description": "React functional component rendering filter buttons for a todo list, managing active state and accessibility attributes.", "scope": "", "scopeKind": ""}], "calls": ["React", "map", "onChange"], "search-terms": ["TodoFilters", "filterBtn", "aria-pressed", "role=\"group\"", "role=\"group\" aria-label=\"Task filters\"", "FILTERS", "React functional component"], "state": 2, "file_id": 18, "knowledge_revision": 41, "git_revision": "f0dd790aff19f87f2feca5b1e149d871ec3f109a", "ctags": [{"_type": "tag", "name": "FILTERS", "path": "/home/kavia/workspace/code-generation/frontend-capability-tester-307533-307542/frontend/src/components/TodoFilters.js", "pattern": "/^const FILTERS = [$/", "language": "JavaScript", "kind": "constant"}, {"_type": "tag", "name": "TodoFilters", "path": "/home/kavia/workspace/code-generation/frontend-capability-tester-307533-307542/frontend/src/components/TodoFilters.js", "pattern": "/^export default function TodoFilters({ value, onChange }) {$/", "language": "JavaScript", "kind": "function", "signature": "({ value, onChange })"}], "hash": "033756b46b17eeed3e63157d916b0a7c", "format-version": 4, "code-base-name": "frontend", "filename": "frontend/src/components/TodoFilters.js", "revision_history": [{"41": "f0dd790aff19f87f2feca5b1e149d871ec3f109a"}]}