{"is_source_file": true, "format": "JavaScript (React component)", "description": "This file defines a React functional component named 'TodoList' which renders a list of todo items or an empty state message if no todos are present. It imports React and a child component 'TodoItem'.", "external_files": ["./TodoItem"], "external_methods": ["React"], "published": ["default (TodoList component)"], "classes": [], "methods": [{"name": "TodoList({ todos, emptyState, onToggle, onDelete, onUpdateTitle })", "description": "A React functional component that displays a list of todo items or an empty state message.", "scope": "", "scopeKind": ""}], "calls": ["React", "TodoItem"], "search-terms": ["React", "TodoList", "todo list rendering", "empty state", "props", "TodoItem component"], "state": 2, "file_id": 16, "knowledge_revision": 39, "git_revision": "f0dd790aff19f87f2feca5b1e149d871ec3f109a", "ctags": [{"_type": "tag", "name": "TodoList", "path": "/home/kavia/workspace/code-generation/frontend-capability-tester-307533-307542/frontend/src/components/TodoList.js", "pattern": "/^export default function TodoList({ todos, emptyState, onToggle, onDelete, onUpdateTitle }) {$/", "language": "JavaScript", "kind": "function", "signature": "({ todos, emptyState, onToggle, onDelete, onUpdateTitle })"}], "hash": "f5065aacade8faebd670814814970df7", "format-version": 4, "code-base-name": "frontend", "filename": "frontend/src/components/TodoList.js", "revision_history": [{"39": "f0dd790aff19f87f2feca5b1e149d871ec3f109a"}]}