{"is_source_file": true, "format": "JavaScript", "description": "This is a React functional component that implements a to-do list application with features such as persistence via local storage, task filtering, inline editing, and task statistics.", "external_files": ["../hooks/useLocalStorage", "./TodoInput", "./TodoList", "./TodoFilters", "./TodoStats"], "external_methods": ["useLocalStorage", "setTodos", "useState", "useMemo", "createId", "Date.now"], "published": ["TodoApp"], "classes": [], "methods": [{"name": "createId()", "description": "Generates a reasonably unique identifier string without external dependencies.", "scope": "", "scopeKind": ""}, {"name": "TodoApp()", "description": "Main React component for the to-do application, managing tasks, filters, and statistics.", "scope": "", "scopeKind": ""}, {"name": "addTodo(title)", "scope": "TodoApp", "scopeKind": "function", "description": "unavailable"}, {"name": "clearCompleted()", "scope": "TodoApp", "scopeKind": "function", "description": "unavailable"}, {"name": "deleteTodo(id)", "scope": "TodoApp", "scopeKind": "function", "description": "unavailable"}, {"name": "toggleTodo(id)", "scope": "TodoApp", "scopeKind": "function", "description": "unavailable"}, {"name": "updateTitle(id, title)", "scope": "TodoApp", "scopeKind": "function", "description": "unavailable"}], "calls": ["useLocalStorage", "useState", "useMemo", "setTodos", "createId", "Date.now", "todos.filter", "todos.length", "todos.filter", "todos", "todos", "todos", "todos", "todos", "setTodos", "setTodos", "setTodos"], "search-terms": ["React to-do component", "localStorage persistence", "todo filter", "task statistics", "inline task editing"], "state": 2, "file_id": 14, "knowledge_revision": 38, "git_revision": "f0dd790aff19f87f2feca5b1e149d871ec3f109a", "ctags": [{"_type": "tag", "name": "TodoApp", "path": "/home/kavia/workspace/code-generation/frontend-capability-tester-307533-307542/frontend/src/components/TodoApp.js", "pattern": "/^export default function TodoApp() {$/", "language": "JavaScript", "kind": "function", "signature": "()"}, {"_type": "tag", "name": "addTodo", "path": "/home/kavia/workspace/code-generation/frontend-capability-tester-307533-307542/frontend/src/components/TodoApp.js", "pattern": "/^  function addTodo(title) {$/", "language": "JavaScript", "kind": "function", "signature": "(title)", "scope": "TodoApp", "scopeKind": "function"}, {"_type": "tag", "name": "clearCompleted", "path": "/home/kavia/workspace/code-generation/frontend-capability-tester-307533-307542/frontend/src/components/TodoApp.js", "pattern": "/^  function clearCompleted() {$/", "language": "JavaScript", "kind": "function", "signature": "()", "scope": "TodoApp", "scopeKind": "function"}, {"_type": "tag", "name": "completed", "path": "/home/kavia/workspace/code-generation/frontend-capability-tester-307533-307542/frontend/src/components/TodoApp.js", "pattern": "/^    const next = { id: createId(), title: trimmed, completed: false, createdAt: Date.now() };$/", "language": "JavaScript", "kind": "property", "scope": "TodoApp.addTodo.next", "scopeKind": "class"}, {"_type": "tag", "name": "createId", "path": "/home/kavia/workspace/code-generation/frontend-capability-tester-307533-307542/frontend/src/components/TodoApp.js", "pattern": "/^function createId() {$/", "language": "JavaScript", "kind": "function", "signature": "()"}, {"_type": "tag", "name": "createdAt", "path": "/home/kavia/workspace/code-generation/frontend-capability-tester-307533-307542/frontend/src/components/TodoApp.js", "pattern": "/^    const next = { id: createId(), title: trimmed, completed: false, createdAt: Date.now() };$/", "language": "JavaScript", "kind": "property", "scope": "TodoApp.addTodo.next", "scopeKind": "class"}, {"_type": "tag", "name": "deleteTodo", "path": "/home/kavia/workspace/code-generation/frontend-capability-tester-307533-307542/frontend/src/components/TodoApp.js", "pattern": "/^            onDelete={deleteTodo}$/", "language": "JavaScript", "kind": "field", "scope": "onDelete", "scopeKind": "class"}, {"_type": "tag", "name": "deleteTodo", "path": "/home/kavia/workspace/code-generation/frontend-capability-tester-307533-307542/frontend/src/components/TodoApp.js", "pattern": "/^  function deleteTodo(id) {$/", "language": "JavaScript", "kind": "function", "signature": "(id)", "scope": "TodoApp", "scopeKind": "function"}, {"_type": "tag", "name": "filteredTodos", "path": "/home/kavia/workspace/code-generation/frontend-capability-tester-307533-307542/frontend/src/components/TodoApp.js", "pattern": "/^            todos={filteredTodos}$/", "language": "JavaScript", "kind": "field", "scope": "TodoApp.todos", "scopeKind": "class"}, {"_type": "tag", "name": "id", "path": "/home/kavia/workspace/code-generation/frontend-capability-tester-307533-307542/frontend/src/components/TodoApp.js", "pattern": "/^    const next = { id: createId(), title: trimmed, completed: false, createdAt: Date.now() };$/", "language": "JavaScript", "kind": "property", "scope": "TodoApp.addTodo.next", "scopeKind": "class"}, {"_type": "tag", "name": "next", "path": "/home/kavia/workspace/code-generation/frontend-capability-tester-307533-307542/frontend/src/components/TodoApp.js", "pattern": "/^    const next = { id: createId(), title: trimmed, completed: false, createdAt: Date.now() };$/", "language": "JavaScript", "kind": "class", "scope": "TodoApp.addTodo", "scopeKind": "class"}, {"_type": "tag", "name": "title", "path": "/home/kavia/workspace/code-generation/frontend-capability-tester-307533-307542/frontend/src/components/TodoApp.js", "pattern": "/^    const next = { id: createId(), title: trimmed, completed: false, createdAt: Date.now() };$/", "language": "JavaScript", "kind": "property", "scope": "TodoApp.addTodo.next", "scopeKind": "class"}, {"_type": "tag", "name": "toggleTodo", "path": "/home/kavia/workspace/code-generation/frontend-capability-tester-307533-307542/frontend/src/components/TodoApp.js", "pattern": "/^            onToggle={toggleTodo}$/", "language": "JavaScript", "kind": "field", "scope": "onToggle", "scopeKind": "class"}, {"_type": "tag", "name": "toggleTodo", "path": "/home/kavia/workspace/code-generation/frontend-capability-tester-307533-307542/frontend/src/components/TodoApp.js", "pattern": "/^  function toggleTodo(id) {$/", "language": "JavaScript", "kind": "function", "signature": "(id)", "scope": "TodoApp", "scopeKind": "function"}, {"_type": "tag", "name": "updateTitle", "path": "/home/kavia/workspace/code-generation/frontend-capability-tester-307533-307542/frontend/src/components/TodoApp.js", "pattern": "/^            onUpdateTitle={updateTitle}$/", "language": "JavaScript", "kind": "field", "scope": "onUpdateTitle", "scopeKind": "class"}, {"_type": "tag", "name": "updateTitle", "path": "/home/kavia/workspace/code-generation/frontend-capability-tester-307533-307542/frontend/src/components/TodoApp.js", "pattern": "/^  function updateTitle(id, title) {$/", "language": "JavaScript", "kind": "function", "signature": "(id, title)", "scope": "TodoApp", "scopeKind": "function"}], "hash": "8f883b070547d34fa817ebc2bf96077d", "format-version": 4, "code-base-name": "frontend", "filename": "frontend/src/components/TodoApp.js", "fields": [{"name": "const next = { id: createId(), title: trimmed, completed: false, createdAt: Date.now() };", "scope": "TodoApp.addTodo.next", "scopeKind": "class", "description": "unavailable"}, {"name": "onDelete={deleteTodo}", "scope": "onDelete", "scopeKind": "class", "description": "unavailable"}, {"name": "todos={filteredTodos}", "scope": "TodoApp.todos", "scopeKind": "class", "description": "unavailable"}, {"name": "onToggle={toggleTodo}", "scope": "onToggle", "scopeKind": "class", "description": "unavailable"}, {"name": "onUpdateTitle={updateTitle}", "scope": "onUpdateTitle", "scopeKind": "class", "description": "unavailable"}], "revision_history": [{"38": "f0dd790aff19f87f2feca5b1e149d871ec3f109a"}]}