{"is_source_file": true, "file_id": 15, "git_revision": "", "state": 1, "description": "", "external_files": [], "external_methods": [], "published": [], "classes": [], "methods": [], "calls": [], "search-terms": [], "ctags": [{"_type": "tag", "name": "TodoInput", "path": "/home/kavia/workspace/code-generation/frontend-capability-tester-307533-307542/frontend/src/components/TodoInput.js", "pattern": "/^export default function TodoInput({ onAdd }) {$/", "language": "JavaScript", "kind": "function", "signature": "({ onAdd })"}, {"_type": "tag", "name": "inputId", "path": "/home/kavia/workspace/code-generation/frontend-capability-tester-307533-307542/frontend/src/components/TodoInput.js", "pattern": "/^        id={inputId}$/", "language": "JavaScript", "kind": "field", "scope": "TodoInput.id", "scopeKind": "class"}, {"_type": "tag", "name": "onKeyDown", "path": "/home/kavia/workspace/code-generation/frontend-capability-tester-307533-307542/frontend/src/components/TodoInput.js", "pattern": "/^        onKeyDown={onKeyDown}$/", "language": "JavaScript", "kind": "field", "scope": "TodoInput.onKeyDown", "scopeKind": "class"}, {"_type": "tag", "name": "onKeyDown", "path": "/home/kavia/workspace/code-generation/frontend-capability-tester-307533-307542/frontend/src/components/TodoInput.js", "pattern": "/^  function onKeyDown(e) {$/", "language": "JavaScript", "kind": "function", "signature": "(e)", "scope": "TodoInput", "scopeKind": "function"}, {"_type": "tag", "name": "submit", "path": "/home/kavia/workspace/code-generation/frontend-capability-tester-307533-307542/frontend/src/components/TodoInput.js", "pattern": "/^  function submit() {$/", "language": "JavaScript", "kind": "function", "signature": "()", "scope": "TodoInput", "scopeKind": "function"}, {"_type": "tag", "name": "value", "path": "/home/kavia/workspace/code-generation/frontend-capability-tester-307533-307542/frontend/src/components/TodoInput.js", "pattern": "/^        value={value}$/", "language": "JavaScript", "kind": "field", "scope": "TodoInput.value", "scopeKind": "class"}], "format": "JavaScript", "hash": "032357b0d809d692341f5c2620da94c7", "format-version": 4, "code-base-name": "frontend", "filename": "frontend/src/components/TodoInput.js", "knowledge_revision": 28}