{"is_source_file": true, "format": "JavaScript (React JSX)", "description": "This file defines a React functional component called TodoInput, which provides an input field and button for adding new tasks to a todo list. It manages the local input state and triggers a callback when a new task is submitted.", "external_files": ["react"], "external_methods": ["React.useState", "React.useId"], "published": ["TodoInput"], "classes": [], "methods": ["submit", "onKeyDown"], "calls": ["onAdd", "setValue", "preventDefault", "submit", "setValue"], "search-terms": ["React", "useState", "useId", "TodoInput", "task input", "add task", "todo component"], "state": 2, "file_id": 15, "knowledge_revision": 28, "git_revision": "", "ctags": [{"_type": "tag", "name": "TodoInput", "path": "/home/kavia/workspace/code-generation/frontend-capability-tester-307533-307542/frontend/src/components/TodoInput.js", "pattern": "/^export default function TodoInput({ onAdd }) {$/", "language": "JavaScript", "kind": "function", "signature": "({ onAdd })"}, {"_type": "tag", "name": "inputId", "path": "/home/kavia/workspace/code-generation/frontend-capability-tester-307533-307542/frontend/src/components/TodoInput.js", "pattern": "/^        id={inputId}$/", "language": "JavaScript", "kind": "field", "scope": "TodoInput.id", "scopeKind": "class"}, {"_type": "tag", "name": "onKeyDown", "path": "/home/kavia/workspace/code-generation/frontend-capability-tester-307533-307542/frontend/src/components/TodoInput.js", "pattern": "/^        onKeyDown={onKeyDown}$/", "language": "JavaScript", "kind": "field", "scope": "TodoInput.onKeyDown", "scopeKind": "class"}, {"_type": "tag", "name": "onKeyDown", "path": "/home/kavia/workspace/code-generation/frontend-capability-tester-307533-307542/frontend/src/components/TodoInput.js", "pattern": "/^  function onKeyDown(e) {$/", "language": "JavaScript", "kind": "function", "signature": "(e)", "scope": "TodoInput", "scopeKind": "function"}, {"_type": "tag", "name": "submit", "path": "/home/kavia/workspace/code-generation/frontend-capability-tester-307533-307542/frontend/src/components/TodoInput.js", "pattern": "/^  function submit() {$/", "language": "JavaScript", "kind": "function", "signature": "()", "scope": "TodoInput", "scopeKind": "function"}, {"_type": "tag", "name": "value", "path": "/home/kavia/workspace/code-generation/frontend-capability-tester-307533-307542/frontend/src/components/TodoInput.js", "pattern": "/^        value={value}$/", "language": "JavaScript", "kind": "field", "scope": "TodoInput.value", "scopeKind": "class"}], "hash": "032357b0d809d692341f5c2620da94c7", "format-version": 4, "code-base-name": "frontend", "filename": "frontend/src/components/TodoInput.js"}