{"is_source_file": true, "format": "JavaScript/ECMAScript Module (.mjs)", "description": "ESLint configuration file written in JavaScript format, setting up linting rules, plugins, and parser options for a frontend project.", "external_files": ["@eslint/js", "eslint-plugin-react"], "external_methods": [], "published": ["default"], "classes": [], "methods": [{"name": "export default", "description": "Exports an array of ESLint configuration objects defining rules, plugins, and parser options."}], "calls": ["pluginJs", "pluginReact"], "search-terms": ["eslint", "plugins", "rules", "parserOptions", "react", "jsx", "configuration"], "state": 2, "file_id": 9, "knowledge_revision": 20, "git_revision": "a71bfd865fb0cfc711841e720a757016b136a742", "hash": "be6538e7523bc2e9da0743133d784136", "format-version": 4, "code-base-name": "frontend", "filename": "frontend/eslint.config.mjs", "revision_history": [{"20": "a71bfd865fb0cfc711841e720a757016b136a742"}]}