{"is_source_file": true, "format": "JavaScript", "description": "This file is a frontend entry point for a React application, initializing the React app and rendering the root component into the DOM.", "external_files": ["./App", "./index.css"], "external_methods": ["ReactDOM.createRoot", "root.render"], "published": [], "classes": [], "methods": ["ReactDOM.createRoot", "root.render"], "calls": ["ReactDOM.createRoot", "root.render"], "search-terms": ["React", "ReactDOM", "createRoot", "render", "index.js", "frontend"], "state": 2, "file_id": 6, "knowledge_revision": 25, "git_revision": "a71bfd865fb0cfc711841e720a757016b136a742", "ctags": [{"_type": "tag", "name": "root", "path": "/home/kavia/workspace/code-generation/frontend-capability-tester-307533-307542/frontend/src/index.js", "pattern": "/^const root = ReactDOM.createRoot(document.getElementById('root'));$/", "language": "JavaScript", "kind": "constant"}], "hash": "9fc5841375336fc175b49f8767a11383", "format-version": 4, "code-base-name": "frontend", "filename": "frontend/src/index.js", "revision_history": [{"25": "a71bfd865fb0cfc711841e720a757016b136a742"}]}