{"is_source_file": false, "format": "", "description": "", "external_files": [], "external_methods": [], "published": [], "classes": [], "methods": [], "calls": [], "search-terms": [], "state": 2, "file_id": 5, "knowledge_revision": 15, "git_revision": "a71bfd865fb0cfc711841e720a757016b136a742", "hash": "22f9e17cc1848b56dbb244518ac2707e", "format-version": 4, "code-base-name": "frontend", "filename": "frontend/src/App.css", "revision_history": [{"15": "a71bfd865fb0cfc711841e720a757016b136a742"}]}