{"is_source_file": true, "file_id": 14, "git_revision": "", "state": 1, "description": "", "external_files": [], "external_methods": [], "published": [], "classes": [], "methods": [], "calls": [], "search-terms": [], "ctags": [{"_type": "tag", "name": "TodoApp", "path": "/home/kavia/workspace/code-generation/frontend-capability-tester-307533-307542/frontend/src/components/TodoApp.js", "pattern": "/^export default function TodoApp() {$/", "language": "JavaScript", "kind": "function", "signature": "()"}, {"_type": "tag", "name": "addTodo", "path": "/home/kavia/workspace/code-generation/frontend-capability-tester-307533-307542/frontend/src/components/TodoApp.js", "pattern": "/^  function addTodo(title) {$/", "language": "JavaScript", "kind": "function", "signature": "(title)", "scope": "TodoApp", "scopeKind": "function"}, {"_type": "tag", "name": "clearCompleted", "path": "/home/kavia/workspace/code-generation/frontend-capability-tester-307533-307542/frontend/src/components/TodoApp.js", "pattern": "/^  function clearCompleted() {$/", "language": "JavaScript", "kind": "function", "signature": "()", "scope": "TodoApp", "scopeKind": "function"}, {"_type": "tag", "name": "completed", "path": "/home/kavia/workspace/code-generation/frontend-capability-tester-307533-307542/frontend/src/components/TodoApp.js", "pattern": "/^    const next = { id: createId(), title: trimmed, completed: false, createdAt: Date.now() };$/", "language": "JavaScript", "kind": "property", "scope": "TodoApp.addTodo.next", "scopeKind": "class"}, {"_type": "tag", "name": "createId", "path": "/home/kavia/workspace/code-generation/frontend-capability-tester-307533-307542/frontend/src/components/TodoApp.js", "pattern": "/^function createId() {$/", "language": "JavaScript", "kind": "function", "signature": "()"}, {"_type": "tag", "name": "createdAt", "path": "/home/kavia/workspace/code-generation/frontend-capability-tester-307533-307542/frontend/src/components/TodoApp.js", "pattern": "/^    const next = { id: createId(), title: trimmed, completed: false, createdAt: Date.now() };$/", "language": "JavaScript", "kind": "property", "scope": "TodoApp.addTodo.next", "scopeKind": "class"}, {"_type": "tag", "name": "deleteTodo", "path": "/home/kavia/workspace/code-generation/frontend-capability-tester-307533-307542/frontend/src/components/TodoApp.js", "pattern": "/^            onDelete={deleteTodo}$/", "language": "JavaScript", "kind": "field", "scope": "onDelete", "scopeKind": "class"}, {"_type": "tag", "name": "deleteTodo", "path": "/home/kavia/workspace/code-generation/frontend-capability-tester-307533-307542/frontend/src/components/TodoApp.js", "pattern": "/^  function deleteTodo(id) {$/", "language": "JavaScript", "kind": "function", "signature": "(id)", "scope": "TodoApp", "scopeKind": "function"}, {"_type": "tag", "name": "filteredTodos", "path": "/home/kavia/workspace/code-generation/frontend-capability-tester-307533-307542/frontend/src/components/TodoApp.js", "pattern": "/^            todos={filteredTodos}$/", "language": "JavaScript", "kind": "field", "scope": "TodoApp.todos", "scopeKind": "class"}, {"_type": "tag", "name": "id", "path": "/home/kavia/workspace/code-generation/frontend-capability-tester-307533-307542/frontend/src/components/TodoApp.js", "pattern": "/^    const next = { id: createId(), title: trimmed, completed: false, createdAt: Date.now() };$/", "language": "JavaScript", "kind": "property", "scope": "TodoApp.addTodo.next", "scopeKind": "class"}, {"_type": "tag", "name": "next", "path": "/home/kavia/workspace/code-generation/frontend-capability-tester-307533-307542/frontend/src/components/TodoApp.js", "pattern": "/^    const next = { id: createId(), title: trimmed, completed: false, createdAt: Date.now() };$/", "language": "JavaScript", "kind": "class", "scope": "TodoApp.addTodo", "scopeKind": "class"}, {"_type": "tag", "name": "title", "path": "/home/kavia/workspace/code-generation/frontend-capability-tester-307533-307542/frontend/src/components/TodoApp.js", "pattern": "/^    const next = { id: createId(), title: trimmed, completed: false, createdAt: Date.now() };$/", "language": "JavaScript", "kind": "property", "scope": "TodoApp.addTodo.next", "scopeKind": "class"}, {"_type": "tag", "name": "toggleTodo", "path": "/home/kavia/workspace/code-generation/frontend-capability-tester-307533-307542/frontend/src/components/TodoApp.js", "pattern": "/^            onToggle={toggleTodo}$/", "language": "JavaScript", "kind": "field", "scope": "onToggle", "scopeKind": "class"}, {"_type": "tag", "name": "toggleTodo", "path": "/home/kavia/workspace/code-generation/frontend-capability-tester-307533-307542/frontend/src/components/TodoApp.js", "pattern": "/^  function toggleTodo(id) {$/", "language": "JavaScript", "kind": "function", "signature": "(id)", "scope": "TodoApp", "scopeKind": "function"}, {"_type": "tag", "name": "updateTitle", "path": "/home/kavia/workspace/code-generation/frontend-capability-tester-307533-307542/frontend/src/components/TodoApp.js", "pattern": "/^            onUpdateTitle={updateTitle}$/", "language": "JavaScript", "kind": "field", "scope": "onUpdateTitle", "scopeKind": "class"}, {"_type": "tag", "name": "updateTitle", "path": "/home/kavia/workspace/code-generation/frontend-capability-tester-307533-307542/frontend/src/components/TodoApp.js", "pattern": "/^  function updateTitle(id, title) {$/", "language": "JavaScript", "kind": "function", "signature": "(id, title)", "scope": "TodoApp", "scopeKind": "function"}], "format": "JavaScript", "hash": "8f883b070547d34fa817ebc2bf96077d", "format-version": 4, "code-base-name": "frontend", "filename": "frontend/src/components/TodoApp.js", "knowledge_revision": 27}