{"is_source_file": false, "format": "", "description": "", "external_files": [], "external_methods": [], "published": [], "classes": [], "methods": [], "calls": [], "search-terms": [], "state": 2, "file_id": 2, "knowledge_revision": 18, "git_revision": "a71bfd865fb0cfc711841e720a757016b136a742", "hash": "d001d53c059625c4bcf75bf5a7f3fcf0", "format-version": 4, "code-base-name": "frontend", "filename": "frontend/package.json", "revision_history": [{"18": "a71bfd865fb0cfc711841e720a757016b136a742"}]}