{"is_source_file": false, "format": "", "description": "", "external_files": [], "external_methods": [], "published": [], "classes": [], "methods": [], "calls": [], "search-terms": [], "state": 2, "file_id": 10, "knowledge_revision": 14, "git_revision": "a71bfd865fb0cfc711841e720a757016b136a742", "hash": "ebece526bc2eadd78ddd787a76c56607", "format-version": 4, "code-base-name": "frontend", "filename": "frontend/README.md", "revision_history": [{"14": "a71bfd865fb0cfc711841e720a757016b136a742"}]}